Central Africa,Cameroon
Central Africa,Central Africa Republic
Central Africa,Chad
Central Africa,Congo Republic
Central Africa,Dem. Republic of Congo
Central Africa,Equatorial Guinea
Central Africa,Gabon
Eastern Africa,Eritrea
Eastern Africa,Ethiopia
Eastern Africa,Kenya
Eastern Africa,Rwanda
Eastern Africa,Tanzinia
Eastern Africa,Uganda
Southern Africa,Angola
Southern Africa,Botswana
Southern Africa,Malawi
Southern Africa,Mozambique
Southern Africa,Namibia
Southern Africa,South Africa
Southern Africa,Swaziland
Southern Africa,Zambia
Southern Africa,Zimbabwe
Western Africa,Benin
Western Africa,Burkina Faso
Western Africa,Cote d'Ivoire
Western Africa,Ghana
Western Africa,Guinea
Western Africa,Liberia
Western Africa,Mali
Western Africa,Niger
Western Africa,Nigeria
Western Africa,Senegal
Western Africa,Sierra Leone
Western Africa,Togo